TABLE_NAME,DATA_TYPE,COLUMN_NAME,IS_NULLABLE,CHARACTER_MAXIMUM_LENGTH,NUMERIC_PRECISION,NUMERIC_SCALE,COMMENT
FDIC,TEXT,CBSA_DIV,YES,50,,,related to divisions or segments within Core-Based Statistical Areas (CBSAs) in the United States.
FDIC,DATE,RUNDATE,YES,,,," represent the date on which the dataset was generated."
FDIC,NUMBER,CBSA_MICRO_FLG,YES,,20,0," it appears that this column might relate to a flag or indicator associated with the Core-Based Statistical Area (CBSA) classification, specifically for Micropolitan Statistical Areas (μSAs), as defined by the United States Office of Management and Budget (OMB)."
FDIC,TEXT,BANK_CLASS,YES,50,,,"The ""bank_class"" column  typically refers to the classification or category of the financial institution based on its characteristics and activities."
FDIC,NUMBER,CBSA_METRO,YES,,20,0," indicates whether the institutions location falls within a Metropolitan Statistical Area (MSA), as defined by the U.S. Office of Management and Budget (OMB). This classification helps provide insights into the institutions geographic context and its relation to urban centers."
FDIC,NUMBER,CBSA_DIV_NO,YES,,20,0,refer to a code or identifier associated with a Core-Based Statistical Area (CBSA) division number
FDIC,TEXT,COUNTY,YES,225,,,"the ""County"" column typically refers to the geographic location or jurisdiction where the financial institutions primary office or branch is located"
FDIC,DATE,FAILED_BANK_CLOSING_DATE,YES,,,,refers to the date on which the financial institution was closed or taken over by regulators due to financial distress or insolvency.
FDIC,NUMBER,FAILED_BANK_DEPOSIT_INSURED_FUND,YES,,38,0," refers to the amount of insured deposits that were covered by the Federal Deposit Insurance Corporation (FDIC) when a financial institution failed"
FDIC,TEXT,CITY,YES,225,,," the ""City"" column typically refers to the name of the city where a specific branch or location of the financial institution is located."
FDIC,TEXT,NAME,YES,225,,,the column refers to the name of institution
FDIC,TEXT,ADDRESS,YES,225,,,"the ""address"" column typically refers to the physical location or mailing address of the financial institution."
FDIC,NUMBER,CBSA_DIV_FLG,YES,,20,0," this column could potentially indicate whether a particular institutions location falls within a designated division of a Core-Based Statistical Area (CBSA) in the United States"
FDIC,NUMBER,FAILED_BANKLIST,NO,,1,0,refer to its failed bank or not according to fdic
FDIC,TEXT,FAILED_BANK_ACQUIRING_INSITUTION,YES,16777216,,,refers to the financial institution that takes over the operations and assets of a failed or troubled bank through a merger or acquisition facilitated by the Federal Deposit Insurance Corporation (FDIC).
FDIC,TEXT,STATE_NAME,YES,50,,," the ""state_name"" column typically refers to the name of the state where a specific branch or location of the financial institution is located."
FDIC,TEXT,STALP,YES,225,,,related to state abbreviations
FDIC,NUMBER,CBSA_METRO_FLG,YES,,20,0,contain a binary indicator (0 or 1) to specify whether the institutions location falls within a metropolitan or micropolitan statistical area
FDIC,NUMBER,CBSA_NO,YES,,20,0,"""CSBA_NO"" might refer to a unique identifier or code associated with a Core-Based Statistical Area (CBSA)."
FDIC,TEXT,ZIP,YES,225,,,refer to the ZIP codes associated with the location of a financial institution. 
FDIC,NUMBER,DOCKET,YES,,20,0,"the ""docket"" column likely refers to a unique identifier or reference number assigned to a specific legal or regulatory case related to the financial institution"
FDIC,TEXT,CBSA_METRO_NAME,YES,50,,,"refer to a column containing names or identifiers related to Micropolitan Statistical Areas (μSAs), which are part of the Core-Based Statistical Area (CBSA) classification system used by the United States Office of Management and Budget (OMB)."
FDIC,TEXT,CBSA,YES,50,,,A Core-Based Statistical Area (CbSA) is a term used by the United States Office of Management and Budget (OMB) to define geographic regions in the United States.
FDIC,NUMBER,ACTIVE,YES,,20,0,"the ""Active"" column in FDIC insured financial institution datasets indicates whether a particular institution is currently operational and offering its services."
FDIC,DATE,DATE_UPDATED,YES,,,,the column refers to the date on which the information or data related to a specific financial institution was last updated by  (FDIC).
FDIC,NUMBER,CERTIFICATE_NUMBER,NO,,38,0,the column refers to a unique identification number assigned by the Federal Deposit Insurance Corporation (FDIC) to each financial institution that is insured by the FDIC.
FDIC,NUMBER,ASSET,YES,,20,0,"the ""Asset"" column refers to the total value of assets held by the financial institution."
